{"cameraMode":{"drawMode":0,"name":"Shaded","section":"Shading Mode"},"sceneLighting":false,"audioPlay":false,"sceneViewState":{"m_AlwaysRefresh":false,"showFog":true,"showSkybox":false,"showFlares":true,"showImageEffects":true,"showParticleSystems":true,"showVisualEffectGraphs":true,"m_FxEnabled":true},"in2DMode":false,"pivot":{"x":-0.1900005340576172,"y":22.840003967285158,"z":-0.0000019073486328125},"rotation":{"x":-0.0033505659084767105,"y":0.9912065863609314,"z":-0.025588303804397584,"w":-0.12978830933570863},"size":20.70701789855957,"orthographic":false}